Company,URL,Linkedin,Employees,RHCE,CISSP,CISA,MCSA,IT,Recorded
1Password,https://1password.com/,https://www.linkedin.com/company/1password/?originalSubdomain=ca,,,,,,,
"Adobe, Inc.",https://www.adobe.com/,https://www.linkedin.com/company/adobe/,,,,,,,
Ahrefs,https://ahrefs.com/,https://www.linkedin.com/company/ahrefs/,,,,,,,
Airtable,https://airtable.com/,https://www.linkedin.com/company/airtable/,,,,,,,
AndersenTax LLC,https://andersen.com/,https://www.linkedin.com/company/andersenus/,,,,,,,
Anthem,https://www.antheminc.com/,https://www.linkedin.com/company/antheminc/,,,,,,,
Ascend Learning,https://www.ascendlearning.com/,https://www.linkedin.com/company/ascend-learning/,,,,,,,
AT&T,www.att.com,https://www.linkedin.com/company/att/,,,,,,,
Atlassian,https://www.atlassian.com/,https://www.linkedin.com/company/atlassian/,,,,,,,
Aviva,https://www.aviva.co.uk/,https://www.linkedin.com/company/aviva,,,,,,,
AWS,https://aws.amazon.com/,https://www.linkedin.com/company/amazon-web-services/,,,,,,,
AXA PPP,https://www.axahealth.co.uk/,https://www.linkedin.com/company/axahealth/,,,,,,,
BambooHR,https://www.bamboohr.com/,https://www.linkedin.com/company/bamboohr/,,,,,,,
Bill.com,https://www.bill.com/,https://www.linkedin.com/company/bill-com/,,,,,,,
Brex,https://www.brex.com/,https://www.linkedin.com/company/brexhq/,,,,,,,
Buffer,https://buffer.com/,https://www.linkedin.com/company/bufferapp/,,,,,,,
Buildkite,https://buildkite.com/,https://www.linkedin.com/company/buildkite/?originalSubdomain=ng,,,,,,,
BUPA,https://www.bupa.com/,https://www.linkedin.com/company/bupa/about/,,,,,,,
Canada Life,https://www.canadalife.com/,https://www.linkedin.com/company/canada-life/?originalSubdomain=ca,,,,,,,
Catchpoint,https://www.catchpoint.com/,https://www.linkedin.com/company/catchpoint/,,,,,,,
Cedexis,http://www.cedexis.com/,https://www.linkedin.com/company/cedexis/about/,,,,,,,
Clerky,https://www.clerky.com/,https://www.linkedin.com/company/clerky-inc-/about/,,,,,,,
Cloudflare,https://www.cloudflare.com/,https://www.linkedin.com/company/cloudflare/,,,,,,,
Clutter,https://www.clutter.com/,https://www.linkedin.com/company/clutter/,,,,,,,
Cockroach,https://www.cockroachlabs.com/,https://www.linkedin.com/company/cockroach-labs/,,,,,,,
Code Climate,https://codeclimate.com/,https://www.linkedin.com/company/code-climate/,,,,,,,
Codecov,https://about.codecov.io/,https://www.linkedin.com/company/codecov/,,,,,,,
Connery Consulting,https://www.conneryconsulting.com/,https://www.linkedin.com/company/connery-consulting-llc/,,,,,,,
Consumer Technology Association,https://www.cta.tech/,https://www.linkedin.com/company/consumer-technology-association/,,,,,,,
Cooper Press,https://cooperpress.com/,https://www.linkedin.com/company/cooperpress/about/,,,,,,,
Crowdcast,https://www.crowdcast.io/,https://www.linkedin.com/company/crowdcast-io/,,,,,,,
Crunchbase,https://www.crunchbase.com/,https://www.linkedin.com/company/crunchbase/,,,,,,,
Culture Amp,https://www.cultureamp.com/,https://www.linkedin.com/company/cultureamp/,,,,,,,
CultureAmp,https://www.cultureamp.com/,https://www.linkedin.com/company/cultureamp/,,,,,,,
Descript,https://www.descript.com/,https://www.linkedin.com/company/descript/,,,,,,,
Digital Ocean,https://www.digitalocean.com/,https://www.linkedin.com/company/digitalocean/,,,,,,,
DNSimple,https://dnsimple.com/,https://www.linkedin.com/company/dnsimple/,,,,,,,
Docker,https://www.docker.com/,https://www.linkedin.com/company/docker/,,,,,,,
DoiT International,https://www.doit-intl.com/,https://www.linkedin.com/company/doitintl/,,,,,,,
Donut,https://www.donut.app/,https://www.linkedin.com/company/trydonut/about/,,,,,,,
DPP Ltd,https://www.dpp.ltd.uk/,https://www.linkedin.com/company/dpp-ltd/,,,,,,,
Dropbox,https://www.dropbox.com/smart-workspace,https://www.linkedin.com/company/dropbox/,,,,,,,
EEG Captioning,https://eegent.com/,https://www.linkedin.com/company/eeg-enterprises-inc/,,,,,,,
Elevate Leadershp,https://elevateleadership.com/,https://www.linkedin.com/company/elevateleadership/,,,,,,,
Erlang Solutions,https://www.erlang-solutions.com/?,https://www.linkedin.com/company/erlangsolutions/,,,,,,,
Eshares/Carta,https://carta.com/,https://www.linkedin.com/company/carta--/,,,,,,,
Expensify,https://use.expensify.com/,https://www.linkedin.com/company/expensify/,,,,,,,
Facebook Ads,https://www.facebook.com/,https://www.linkedin.com/company/facebook/,,,,,,,
Fastly,https://www.fastly.com/,https://www.linkedin.com/company/fastly/,,,,,,,
Fetcher,https://www.fetcher.ai/?src=linkedin,https://www.linkedin.com/company/fetcherai/,,,,,,,
Figma,https://www.figma.com/,https://www.linkedin.com/company/figma/,,,,,,,
Fullstory,https://www.fullstory.com/,https://www.linkedin.com/company/fullstory/,,,,,,,
Gandi.net,https://www.gandi.net/en-US,https://www.linkedin.com/company/gandi/,,,,,,,
Gatsby,https://www.gatsbyjs.com/,https://www.linkedin.com/company/gatsbyjs/,,,,,,,
Gem Software,https://www.gem.com/,https://www.linkedin.com/company/gem-recruiting-software/,,,,,,,
Gigalixir,https://www.gigalixir.com/,https://www.linkedin.com/in/jesseshieh/,,,,,,,
Github,https://github.com/,https://www.linkedin.com/company/github/,,,,,,,
GoDaddy,https://www.godaddy.com/,https://www.linkedin.com/company/godaddy/,,,,,,,
Greenhouse,https://www.greenhouse.io/,https://www.linkedin.com/company/greenhouse-inc-/,,,,,,,
Google,www.google.com,https://www.linkedin.com/company/google/,,,,,,,
HackerOne,https://www.hackerone.com/,https://www.linkedin.com/company/hackerone/,,,,,,,
HealthEquity/WageWorks,https://www.wageworks.com/,https://www.linkedin.com/company/wageworks/,,,,,,,
Heap Analytics,https://heap.io/,https://www.linkedin.com/company/heap-inc-/,,,,,,,
Hellosign,https://www.hellosign.com/,https://www.linkedin.com/company/hellosign/,,,,,,,
Hubspot,https://www.hubspot.com/,https://www.linkedin.com/company/hubspot/,,,,,,,
Human Interest,https://humaninterest.com/,https://www.linkedin.com/company/humaninterest/,,,,,,,
Intercom,https://www.intercom.com/,https://www.linkedin.com/company/intercom/,,,,,,,
Interview Schedule,https://interviewschedule.com/,https://www.linkedin.com/company/interview-schedule/about/,,,,,,,
Kaiser Permanente,https://healthy.kaiserpermanente.org/,https://www.linkedin.com/company/kaiser-permanente/,,,,,,,
Kinkor Consulting,https://www.kinkorconsulting.com/,https://www.linkedin.com/company/kinkor-consulting/,,,,,,,
Lattice,https://lattice.com/,https://www.linkedin.com/company/lattice-hq/,,,,,,,
Linkedin,https://www.linkedin.com/,https://www.linkedin.com/company/linkedin/,,,,,,,
LogMeIn,https://www.logmein.com/,https://www.linkedin.com/company/logmein/,,,,,,,
LucidChart,https://www.lucidchart.com/pages/,https://www.linkedin.com/company/lucidsoftware/,,,,,,,
MDM Recruiting,https://mdmresourcing.com/,https://www.linkedin.com/company/mdm-resourcing/,,,,,,,
Metabase,https://www.metabase.com/,https://www.linkedin.com/company/metabase/,,,,,,,
MG Trust,https://www.broadridge.com/resource,https://www.linkedin.com/company/mg-trust-company/about/,,,,,,,
Middesk,https://www.middesk.com/,https://www.linkedin.com/company/middesk/,,,,,,,
MonkeyBrains,https://www.monkeybrains.net/,https://www.linkedin.com/company/monkeybrains/,,,,,,,
Moz,https://moz.com/,https://www.linkedin.com/company/moz/,,,,,,,
Namecheap,https://www.namecheap.com/,https://www.linkedin.com/company/namecheap-inc/,,,,,,,
Netlify,https://www.netlify.com/,https://www.linkedin.com/company/netlify/,,,,,,,
Notion,https://www.notion.so/,https://www.linkedin.com/company/notionhq/,,,,,,,
NPM,https://www.npmjs.com/,https://www.linkedin.com/company/npm-inc-/,,,,,,,
Atlassian,https://www.atlassian.com/software/opsgenie,https://www.linkedin.com/company/atlassian/,,,,,,,
Orrick,https://www.orrick.com/,https://www.linkedin.com/company/orrick-herrington-&-sutcliffe-llp/,,,,,,,
Pitchbook,https://pitchbook.com/,https://www.linkedin.com/company/pitchbook/,,,,,,,
Polly,https://www.polly.ai/,https://www.linkedin.com/company/polly.ai/,,,,,,,
Principal ,https://www.principal.com/,https://www.linkedin.com/company/principalfinancialgroup/,,,,,,,
Product Hunt,https://www.producthunt.com/,https://www.linkedin.com/company/producthunt/,,,,,,,
Readme,https://readme.com/,https://www.linkedin.com/company/readme-io/,,,,,,,
Reddit Ads,https://www.redditinc.com/,https://www.linkedin.com/company/reddit-com/,,,,,,,
RMGD,http://www.rmgandco.com/,https://www.linkedin.com/company/rmg/,,,,,,,
Run8 Patent Group,http://www.r8pg.com/,https://www.linkedin.com/company/run8-patent-group/,,,,,,,
Runscope,https://www.runscope.com/,https://www.linkedin.com/company/runscope/about/,,,,,,,
Salesforce,https://www.salesforce.com/,https://www.linkedin.com/company/salesforce/,,,,,,,
Sauce Labs,https://saucelabs.com/,https://www.linkedin.com/company/sauce-labs/,,,,,,,
Sedo,https://sedo.com/us/,https://www.linkedin.com/company/sedo-gmbh/,,,,,,,
Sentry,https://www.sentry.com/,https://www.linkedin.com/company/sentry/,,,,,,,
Sinsense ,https://www.sisense.com/,https://www.linkedin.com/company/sisense/,,,,,,,
Slack,https://slack.com/,https://www.linkedin.com/company/tiny-spec-inc/,,,,,,,
StackPath,https://www.stackpath.com/,https://www.linkedin.com/company/stackpath/,,,,,,,
Stackrox,https://www.stackrox.com/,https://www.linkedin.com/company/stackrox/,,,,,,,
Atlassian,https://www.atlassian.com/,https://www.linkedin.com/company/atlassian/,,,,,,,
Stripe,https://stripe.com/j,https://www.linkedin.com/company/stripe/,,,,,,,
Superhuman,https://superhuman.com/,https://www.linkedin.com/company/superhuman-co/,,,,,,,
Superset,https://www.supersetapp.com/,https://www.linkedin.com/company/supersetapp/about/,,,,,,,
TachTech,https://www.tachtech.net/,https://www.linkedin.com/company/tachtech/,,,,,,,
The Hartford,https://www.thehartford.com/,https://www.linkedin.com/company/the-hartford/,,,,,,,
Twitter Ads,https://business.twitter.com/,https://www.linkedin.com/company/twitter/,,,,,,,
Typeform,https://linktr.ee/typeform,https://www.linkedin.com/company/typeform-/,,,,,,,
Udger S.R.O,https://udger.com/,https://www.linkedin.com/company/udger-s.r.o./about/,,,,,,,
Upwork,https://www.upwork.com/,https://www.linkedin.com/company/upwork/,,,,,,,
Vercel,https://vercel.com/,https://www.linkedin.com/company/vercel/,,,,,,,
Vimeo,https://vimeo.com/,https://www.linkedin.com/company/vimeo/,,,,,,,
Zedra,https://www.zedra.com/news-events/,https://www.linkedin.com/company/zedra-group/,,,,,,,
Zendesk,https://www.zendesk.com/,https://www.linkedin.com/company/zendesk/,,,,,,,
Zoom,https://www.zoom.us/,https://www.linkedin.com/company/zoom-video-communications/,,,,,,,
Zube,https://zube.io/,https://www.linkedin.com/company/zube/about/,,,,,,,
KnowBe4,https://www.knowbe4.com/,https://www.linkedin.com/company/knowbe4/,,,,,,,